[{"cnpj":"33456677000144","video":"https://youtu.be/hVTE0K8db6k?si=rvy8aPalpfkkqo1O","nome_startup":"AgroMap","site":"https://www.agromap.io","descricao":"Mapeamento rural com drones.","nome_responsavel":"Carolina Silva","email_startup":"agro@agromap.io","cpf":"15151515151","habilidades":[{"id":25,"nome":"Design Thinking","tipo":"Design"}],"avaliacoes":[{"id":24,"nota":8,"comentario":"Ótimo custo-benefício.","cpf_usuario":"15151515151"}]},{"cnpj":"37890011000188","video":"https://youtu.be/98I-3SiHPtg?si=izuc-PiCl2Pn1dUb","nome_startup":"AirBot","site":"https://www.airbot.ai","descricao":"Drones autônomos para entrega.","nome_responsavel":"Sara Monteiro","email_startup":"contato@airbot.ai","cpf":"19191919191","habilidades":[{"id":26,"nome":"Sistemas IoT","tipo":"Tecnologia"}],"avaliacoes":[{"id":28,"nota":8,"comentario":"Interface moderna e fluida.","cpf_usuario":"19191919191"}]},{"cnpj":"10111222000100","video":"https://youtu.be/WIS3PzNJEdU?si=0LpWfG8h6GOA6vQw","nome_startup":"AquaLink","site":"https://www.aqualink.tech","descricao":"Gestão inteligente de recursos hídricos.","nome_responsavel":"Diego Rocha","email_startup":"contato@aqualink.tech","cpf":"01234567890","habilidades":[{"id":2,"nome":"Gestão Financeira","tipo":"Administração"}],"avaliacoes":[{"id":9,"nota":7,"comentario":"Funciona bem, mas precisa de mais documentação.","cpf_usuario":"90123456789"}]},{"cnpj":"25778899000166","video":"https://youtu.be/7RDpXB6Hkf8?si=1LtoJRc2pzZDShL1","nome_startup":"BioFuture","site":"https://www.biofuture.bio","descricao":"Biotecnologia aplicada ao bem-estar.","nome_responsavel":"Ana Paula Dias","email_startup":"contato@biofuture.bio","cpf":"66677788899","habilidades":[{"id":22,"nome":"Gestão de Riscos","tipo":"Administração"}],"avaliacoes":[{"id":16,"nota":9,"comentario":"Excelente solução para o mercado.","cpf_usuario":"66677788899"}]},{"cnpj":"33444555000173","video":"https://youtu.be/8FV0e0M9YVs?si=Oiupq9NLUytd_iUj","nome_startup":"BrightTech","site":"https://www.brighttech.io","descricao":"Empresa especializada em softwares de gestão educacional.","nome_responsavel":"Camila Fernandes","email_startup":"contato@brighttech.io","cpf":"34567890123","habilidades":[{"id":4,"nome":"Análise de Dados","tipo":"Tecnologia"}],"avaliacoes":[{"id":2,"nota":8,"comentario":"Boa usabilidade, mas o design pode melhorar.","cpf_usuario":"23456789012"}]},{"cnpj":"24667788000155","video":"https://youtu.be/1QZR5De4f9E?si=0VW8c0oPTTr3MNFA","nome_startup":"CityMob","site":"https://www.citymob.app","descricao":"Mobilidade urbana inteligente.","nome_responsavel":"Daniel Moreira","email_startup":"mob@citymob.app","cpf":"55566677788","habilidades":[{"id":16,"nome":"E-commerce Performance","tipo":"Comercial"}],"avaliacoes":[{"id":15,"nota":8,"comentario":"Plataforma muito intuitiva.","cpf_usuario":"55566677788"}]},{"cnpj":"26889900000177","video":"https://youtu.be/7RDpXB6Hkf8?si=1LtoJRc2pzZDShL1","nome_startup":"CodeVision","site":"https://www.codevision.ai","descricao":"Ferramentas inteligentes para desenvolvedores.","nome_responsavel":"Ricardo Lima","email_startup":"dev@codevision.ai","cpf":"77788899900","habilidades":[{"id":14,"nome":"Segurança da Informação","tipo":"Tecnologia"}],"avaliacoes":[{"id":17,"nota":8,"comentario":"Boa performance e ótima ergonomia.","cpf_usuario":"77788899900"}]},{"cnpj":"34567788000155","video":"https://youtu.be/7RDpXB6Hkf8?si=1LtoJRc2pzZDShL1","nome_startup":"ConnectX","site":"https://www.connectx.app","descricao":"Conexão de redes profissionais.","nome_responsavel":"Vinicius Lopes","email_startup":"contato@connectx.app","cpf":"16161616161","habilidades":[{"id":29,"nome":"Social Media Strategy","tipo":"Marketing"}],"avaliacoes":[{"id":25,"nota":10,"comentario":"Simplesmente fantástica.","cpf_usuario":"16161616161"}]},{"cnpj":"28001122000199","video":"https://youtu.be/8PsimpprLS0?si=rgCknCKmJYerkBY_","nome_startup":"CyberLane","site":"https://www.cyberlane.ai","descricao":"Segurança digital para pequenas empresas.","nome_responsavel":"Marcelo Tavares","email_startup":"security@cyberlane.ai","cpf":"99900011122","habilidades":[{"id":23,"nome":"Copywriting","tipo":"Marketing"}],"avaliacoes":[{"id":19,"nota":10,"comentario":"O melhor produto que já utilizei.","cpf_usuario":"99900011122"}]},{"cnpj":"22445566000133","video":"https://youtu.be/AD0FbOR4Zj8?si=0ju9Mhi6vRP7WPPE","nome_startup":"DevSpark","site":"https://www.devspark.dev","descricao":"Comunidade e recursos para desenvolvedores.","nome_responsavel":"Gustavo Araújo","email_startup":"contato@devspark.dev","cpf":"33344455566","habilidades":[{"id":11,"nome":"Arquitetura de Software","tipo":"Tecnologia"}],"avaliacoes":[{"id":13,"nota":7,"comentario":"Bom potencial, mas precisa evoluir.","cpf_usuario":"33344455566"}]},{"cnpj":"21334455000122","video":"https://youtu.be/NYdrAIPLhIw?si=Jj-kdV61DcHbP5Fo","nome_startup":"EcoCharge","site":"https://www.ecocharge.io","descricao":"Estações de recarga ecológica.","nome_responsavel":"Patrícia Mendes","email_startup":"hello@ecocharge.io","cpf":"22233344455","habilidades":[{"id":27,"nome":"Sustentabilidade Energética","tipo":"Ambiental"}],"avaliacoes":[{"id":12,"nota":9,"comentario":"Excelente desempenho e suporte.","cpf_usuario":"22233344455"}]},{"cnpj":"44555666000164","video":"https://youtu.be/7nKMUkcSC2s?si=oRaIe6iuitUVJ3D8","nome_startup":"EduPlus","site":"https://www.eduplus.com.br","descricao":"Plataforma de ensino online personalizada.","nome_responsavel":"Lucas Almeida","email_startup":"info@eduplus.com.br","cpf":"45678901234","habilidades":[{"id":3,"nome":"Design de Experiência (UX/UI)","tipo":"Design"}],"avaliacoes":[{"id":4,"nota":7,"comentario":"Poderia ter mais integrações com APIs externas.","cpf_usuario":"45678901234"}]},{"cnpj":"29012233000100","video":"https://youtu.be/Q3wa-tWIlUc?si=jWnGQ8kSpTP2aUsC","nome_startup":"Eventify","site":"https://www.eventify.app","descricao":"Gestão de eventos com IA.","nome_responsavel":"Simone Prado","email_startup":"contato@eventify.app","cpf":"10101010101","habilidades":[{"id":24,"nome":"Modelagem de Negócios","tipo":"Administração"}],"avaliacoes":[{"id":20,"nota":9,"comentario":"Muito prática e funcional.","cpf_usuario":"10101010101"}]},{"cnpj":"27990011000188","video":"https://youtu.be/Bi0nVMm4dGc?si=zG-2Zszpvn6A9xk5","nome_startup":"FarmWise","site":"https://www.farmwise.io","descricao":"Gestão agrícola inteligente.","nome_responsavel":"Helena Duarte","email_startup":"hello@farmwise.io","cpf":"88899900011","habilidades":[{"id":18,"nome":"Pesquisa de Mercado","tipo":"Administração"}],"avaliacoes":[{"id":18,"nota":7,"comentario":"Requer melhorias na interface.","cpf_usuario":"88899900011"}]},{"cnpj":"38901122000199","video":"https://youtu.be/AD0FbOR4Zj8?si=0ju9Mhi6vRP7WPPE","nome_startup":"FinFlow","site":"https://www.finflow.io","descricao":"Gestão financeira automatizada.","nome_responsavel":"Eduardo Martins","email_startup":"finance@finflow.io","cpf":"20202020202","habilidades":[{"id":17,"nome":"Desenvolvimento Mobile","tipo":"Tecnologia"}],"avaliacoes":[{"id":29,"nota":9,"comentario":"Entrega tudo que promete.","cpf_usuario":"20202020202"}]},{"cnpj":"55666777000155","video":"https://youtu.be/8PsimpprLS0?si=rgCknCKmJYerkBY_","nome_startup":"FitMind","site":"https://www.fitmind.app","descricao":"Aplicativo de meditação e bem-estar mental.","nome_responsavel":"Beatriz Nogueira","email_startup":"contato@fitmind.app","cpf":"56789012345","habilidades":[{"id":6,"nome":"Prototipagem e Inovação","tipo":"Design"}],"avaliacoes":[{"id":5,"nota":9,"comentario":"Adorei o conceito da startup, muito promissor.","cpf_usuario":"56789012345"}]},{"cnpj":"36789900000177","video":"https://youtu.be/6EEJBaH_f7Y?si=HIU66sWevhJTyzUZ","nome_startup":"FreshHome","site":"https://www.freshhome.io","descricao":"Automação residencial sustentável.","nome_responsavel":"Thiago Barreto","email_startup":"suporte@freshhome.io","cpf":"18181818181","habilidades":[{"id":20,"nome":"Deep Learning","tipo":"Tecnologia"}],"avaliacoes":[{"id":27,"nota":9,"comentario":"Muito inovadora e eficiente.","cpf_usuario":"18181818181"}]},{"cnpj":"22333444000182","video":"https://youtu.be/6EEJBaH_f7Y?si=HIU66sWevhJTyzUZ","nome_startup":"GreenWave","site":"https://www.greenwave.com","descricao":"Startup de soluções ecológicas para empresas.","nome_responsavel":"Rafael Costa","email_startup":"hello@greenwave.com","cpf":"23456789012","habilidades":[{"id":9,"nome":"Sustentabilidade Corporativa","tipo":"Ambiental"}],"avaliacoes":[{"id":1,"nota":9,"comentario":"Excelente plataforma, suporte muito rápido!","cpf_usuario":"12345678901"}]},{"cnpj":"31234455000122","video":"https://youtu.be/pg6Kjxn_rA0?si=ioHBRZFWRFyxexoF","nome_startup":"HealthTrack","site":"https://www.healthtrack.io","descricao":"Monitoramento de saúde por IA.","nome_responsavel":"Letícia Moura","email_startup":"saude@healthtrack.io","cpf":"13131313131","habilidades":[{"id":28,"nome":"Data Engineering","tipo":"Tecnologia"}],"avaliacoes":[{"id":22,"nota":7,"comentario":"Alguns bugs, mas nada grave.","cpf_usuario":"13131313131"}]},{"cnpj":"23556677000144","video":"https://youtu.be/Bi0nVMm4dGc?si=zG-2Zszpvn6A9xk5","nome_startup":"MindStudy","site":"https://www.mindstudy.com","descricao":"Plataforma de estudos cognitivos.","nome_responsavel":"Renata Farias","email_startup":"info@mindstudy.com","cpf":"44455566677","habilidades":[{"id":19,"nome":"Motion Design","tipo":"Design"}],"avaliacoes":[{"id":14,"nota":10,"comentario":"Inovadora e extremamente eficiente!","cpf_usuario":"44455566677"}]},{"cnpj":"30123344000111","video":"https://youtu.be/K3ucIhcVmpk?si=B97TQ5DhXtRweBuv","nome_startup":"MoveOn","site":"https://www.moveon.com","descricao":"Logística urbana automatizada.","nome_responsavel":"João Silveira","email_startup":"hello@moveon.com","cpf":"12121212121","habilidades":[{"id":12,"nome":"Gestão de Projetos Ágeis","tipo":"Administração"}],"avaliacoes":[{"id":21,"nota":8,"comentario":"Boa experiência de uso.","cpf_usuario":"12121212121"}]},{"cnpj":"35678899000166","video":"https://youtu.be/AD0FbOR4Zj8?si=0ju9Mhi6vRP7WPPE","nome_startup":"NanoSoft","site":"https://www.nanosoft.ai","descricao":"Microprocessadores inteligentes.","nome_responsavel":"Amanda Rocha","email_startup":"info@nanosoft.ai","cpf":"17171717171","habilidades":[{"id":13,"nome":"Branding Estratégico","tipo":"Marketing"}],"avaliacoes":[{"id":26,"nota":6,"comentario":"Pode melhorar a estabilidade.","cpf_usuario":"17171717171"}]},{"cnpj":"99000111000119","video":"https://youtu.be/luHTpyfPHmU?si=tPfuFyb3Cr7I9-Hn","nome_startup":"NeuroData","site":"https://www.neurodata.ai","descricao":"Análise preditiva de comportamento de consumo.","nome_responsavel":"Juliana Lima","email_startup":"contato@neurodata.ai","cpf":"90123456789","habilidades":[{"id":7,"nome":"Vendas Estratégicas","tipo":"Comercial"}],"avaliacoes":[{"id":7,"nota":10,"comentario":"Excelente atendimento e produto inovador!","cpf_usuario":"78901234567"}]},{"cnpj":"88999000000128","video":"https://youtu.be/UNDnHZaAI3w?si=fFY3iX1CnXSEv2la","nome_startup":"PetBond","site":"https://www.petbond.com","descricao":"Marketplace para produtos e serviços pet.","nome_responsavel":"Thiago Martins","email_startup":"atendimento@petbond.com","cpf":"89012345678","habilidades":[{"id":5,"nome":"Marketing Digital","tipo":"Comercial"}],"avaliacoes":[{"id":8,"nota":8,"comentario":"Ótimo custo-benefício e suporte técnico.","cpf_usuario":"89012345678"}]},{"cnpj":"32345566000133","video":"https://youtu.be/l360n_E3-k0?si=OMGrjjqQwPFeSXMB","nome_startup":"SmartBudget","site":"https://www.smartbudget.com","descricao":"Plataforma de controle financeiro.","nome_responsavel":"Diego Fagundes","email_startup":"finance@smartbudget.com","cpf":"14141414141","habilidades":[{"id":30,"nome":"Criação de Prototipagem 3D","tipo":"Design"}],"avaliacoes":[{"id":23,"nota":9,"comentario":"Excelente proposta de valor.","cpf_usuario":"14141414141"}]},{"cnpj":"20223344000111","video":"https://youtu.be/WlXQgnRJZt8?si=PqFA5sBhdelnWXLY","nome_startup":"SmartFlow","site":"https://www.smartflow.com","descricao":"Automação inteligente para empresas.","nome_responsavel":"Fernando Ribeiro","email_startup":"contato@smartflow.com","cpf":"11122233344","habilidades":[{"id":21,"nome":"Automação de Processos","tipo":"Tecnologia"}],"avaliacoes":[{"id":11,"nota":8,"comentario":"Ferramenta útil e fácil de navegar.","cpf_usuario":"11122233344"}]},{"cnpj":"11222333000191","video":"https://youtu.be/Q3wa-tWIlUc?si=jWnGQ8kSpTP2aUsC","nome_startup":"TechTide","site":"https://www.techtide.com","descricao":"Plataforma que conecta desenvolvedores a startups emergentes.","nome_responsavel":"Mariana Oliveira","email_startup":"contato@techtide.com","cpf":"12345678901","habilidades":[{"id":1,"nome":"Desenvolvimento Full Stack","tipo":"Tecnologia"}],"avaliacoes":[{"id":10,"nota":9,"comentario":"Uma das melhores experiências que já tive.","cpf_usuario":"01234567890"}]},{"cnpj":"39012233000100","video":"https://youtu.be/K3ucIhcVmpk?si=B97TQ5DhXtRweBuv","nome_startup":"TerraScan","site":"https://www.terrascan.com","descricao":"Monitoramento geoespacial.","nome_responsavel":"Julio Carvalho","email_startup":"contato@terrascan.com","cpf":"30303030303","habilidades":[{"id":15,"nome":"Economia Circular","tipo":"Ambiental"}],"avaliacoes":[{"id":30,"nota":7,"comentario":"Boa, mas ainda em amadurecimento.","cpf_usuario":"30303030303"}]},{"cnpj":"77888999000137","video":"https://youtu.be/98I-3SiHPtg?si=izuc-PiCl2Pn1dUb","nome_startup":"UrbanFarm","site":"https://www.urbanfarm.io","descricao":"Agricultura urbana inteligente com sensores IoT.","nome_responsavel":"Larissa Souza","email_startup":"contato@urbanfarm.io","cpf":"78901234567","habilidades":[{"id":8,"nome":"Gestão de Pessoas","tipo":"Administração"}],"avaliacoes":[{"id":6,"nota":6,"comentario":"Sistema um pouco instável em horários de pico.","cpf_usuario":"67890123456"}]},{"cnpj":"66777888000146","video":"https://youtu.be/2RAw3QdwbH4?si=em5HUr-mVHjb2-nP","nome_startup":"VoltEnergy","site":"https://www.voltenergy.com","descricao":"Soluções de energia renovável para indústrias.","nome_responsavel":"Pedro Ramos","email_startup":"suporte@voltenergy.com","cpf":"67890123456","habilidades":[{"id":10,"nome":"Machine Learning","tipo":"Tecnologia"}],"avaliacoes":[{"id":3,"nota":10,"comentario":"Ferramenta revolucionária no setor!","cpf_usuario":"34567890123"}]}]

